Monument Name,Date / Century,Kingdom / Period,Builder / Ruler,Description,Latitude,Longitude
Zeenat-ul-Masajid (Ghata Masjid),1707 CE,Late Mughal,Zeenat-un-Nissa (Daughter of Aurangzeb),"Riverside mosque in Daryaganj built on high plinth with black-white striped domes. Citations: Stephen Blake (1991), 'Shahjahanabad: The Sovereign City in Mughal India'; Catherine B. Asher (1992), 'Architecture of Mughal India'.",28.6472,77.2411
Fakhr-ul-Masajid,1728 CE,Late Mughal,Kaniz-i-Fatima (in memory of Shujaat Khan),"Ornate red sandstone and marble mosque in Kashmiri Gate built in 1728. Citations: Sayyid Ahmad Khan (1847), 'Asar-us-Sanadid'; Swapna Liddle (2011), 'Chandni Chowk: The Shopkeeper's Delight'.",28.6669,77.2289
Tripolia Gates,1728 CE,Late Mughal,Mahaldar Khan,"Two triple-arched brick and stone gateways standing on GT Road in Rana Pratap Bagh. Citations: Y.D. Sharma (1974), 'Delhi and its Neighbourhood (ASI)'; Lucy Peck (2005), 'Delhi: A Thousand Years of Building'.",28.6853,77.1906
Sunehri Masjid (Chandni Chowk),1744 CE,Late Mughal,Roshan-ud-Daula Zafar Khan,"Gilded three-domed mosque where Nadir Shah directed the 1739 massacre. Citations: William Dalrymple (2006), 'The Last Mughal'; Stephen Blake (1991), 'Shahjahanabad: The Sovereign City in Mughal India'.",28.6558,77.2322
Qudsia Bagh & Mosque,1748 CE,Late Mughal,Qudsia Begum,"Former royal pleasure garden and palace complex north of the old city wall. Citations: Swapna Liddle (2018), 'Delhi: 14 Historic Walks'; Y.D. Sharma (1974), 'Delhi and its Neighbourhood (ASI)'.",28.6681,77.2281
Sunehri Masjid (Red Fort),1751 CE,Late Mughal,Qudsia Begum (Mother of Ahmad Shah),"Located near Delhi Gate of Red Fort with gilded copper domes. Citations: Catherine B. Asher (1992), 'Architecture of Mughal India'; Y.D. Sharma (1974), 'Delhi and its Neighbourhood (ASI)'.",28.6538,77.2403
Safdarjung's Tomb,1754 CE,Late Mughal,Nawab Shuja-ud-Daula,"Last garden-tomb of Mughal style built for the Vizier of Emperor Ahmad Shah. Citations: Catherine B. Asher (1992), 'Architecture of Mughal India'; Percy Brown (1942), 'Indian Architecture: Islamic Period'.",28.5892,77.2106
Sunehri Masjid (Sardar Patel Marg),18th Century,Late Mughal,Local Mughal Noble,"Gilded-dome neighborhood mosque near modern Central Vista. Citations: Y.D. Sharma (1974), 'Delhi and its Neighbourhood (ASI)'; Lucy Peck (2005), 'Delhi: A Thousand Years of Building'.",28.6112,77.2085
Zafar Mahal & Moti Masjid,1842 CE,Late Mughal,Bahadur Shah II (Zafar),"Final summer palace built by the last Mughal Emperor Bahadur Shah Zafar in Mehrauli. Citations: William Dalrymple (2006), 'The Last Mughal'; Swapna Liddle (2018), 'Delhi: 14 Historic Walks'.",28.5217,77.1822
